{
  "title": "AFAA PILATES 模擬試験（ランダム10問）",
  "questions": [
    {
      "question": "ピラティスの創始者ジョセフ・ピラティスが提唱した「コントロロジー（Contrology）」とは、どのような考え方を指すか？",
      "choices": [
        "筋肉を最大限に使う運動理論",
        "身体と心を意識的にコントロールする方法",
        "呼吸だけに集中するリラクゼーション法",
        "激しい有酸素運動の一種"
      ],
      "correct": [1],
      "explanation": "コントロロジーとは「身体・心・精神を意識的に統合的にコントロールする」という、ピラティスの基本理念です。単なる筋トレや呼吸法ではありません。"
    },
    {
      "question": "ピラティスの6原則のうち、以下のうち誤っているものはどれか。",
      "choices": [
        "呼吸（Breathing）",
        "精神統一（Concentration）",
        "緊張（Tension）",
        "制御（Control）"
      ],
      "correct": [2],
      "explanation": "6原則は「呼吸・集中・制御・正確さ・流れ・中心化」。Tension（緊張）は含まれません。"
    },
    {
      "question": "「Powerhouse（パワーハウス）」とは、主にどの部位を指すか？",
      "choices": [
        "胸郭全体",
        "上腕二頭筋",
        "体幹部（腹部・骨盤底・背筋）",
        "足首とふくらはぎ"
      ],
      "correct": [2],
      "explanation": "パワーハウスは、腹部・骨盤底・背部を中心とした体幹部を意味し、全ての動作の基礎です。"
    },
    {
      "question": "ピラティスの呼吸法として最も適切なのはどれか。",
      "choices": [
        "腹式呼吸",
        "胸式呼吸（ラテラル呼吸）",
        "口呼吸",
        "無呼吸で行う"
      ],
      "correct": [1],
      "explanation": "ピラティスでは胸郭を横に広げる胸式呼吸（lateral breathing）を用います。体幹の安定を保ちながら酸素を取り入れるためです。"
    },
    {
      "question": "「ロールアップ（Roll Up）」の主な目的はどれか。",
      "choices": [
        "脚力強化",
        "背骨の柔軟性向上と腹筋の強化",
        "有酸素能力向上",
        "肩の安定性向上"
      ],
      "correct": [1],
      "explanation": "ロールアップは脊柱の分節的な動きと腹直筋のコントロールを目的とします。"
    },
    {
      "question": "ピラティスにおける「ニュートラルポジション」とは何を指すか。",
      "choices": [
        "背骨を完全に平らにした姿勢",
        "骨盤と背骨が自然な湾曲を保った位置",
        "骨盤を前傾させた姿勢",
        "猫背の状態"
      ],
      "correct": [1],
      "explanation": "ニュートラルポジションは、骨盤と脊柱の自然なカーブを維持した状態。これが正しい姿勢の基準となります。"
    },
    {
      "question": "「プランク（Plank）」ポジションで特に意識すべき筋群はどれか。",
      "choices": [
        "下腿三頭筋",
        "体幹（腹横筋・腹斜筋・背筋）",
        "前腕屈筋群",
        "頸部屈筋"
      ],
      "correct": [1],
      "explanation": "プランクはコア全体の安定を目的としており、特に体幹部の筋群を強く意識します。"
    },
    {
      "question": "ピラティスにおける「プレパレーション（Preparation）」の意義として正しいものは？",
      "choices": [
        "運動前の筋肉疲労を促す",
        "関節の可動性を制限する",
        "正しい呼吸と姿勢を確認し、動作準備を行う",
        "強度を上げるためのウォームアップ"
      ],
      "correct": [2],
      "explanation": "ピラティスのプレパレーションは、呼吸と姿勢を整え、動作の精度を高める重要な段階です。"
    },
    {
      "question": "次のうち、リフォーマー（Reformer）を使用する利点として最も適切なものはどれか。",
      "choices": [
        "体幹の安定性を無視できる",
        "重力を利用せずに運動できる",
        "抵抗を調整して個人に合ったトレーニングが可能",
        "主に有酸素運動目的で使われる"
      ],
      "correct": [2],
      "explanation": "リフォーマーではスプリングの抵抗を調整することで、個人のレベルに合わせた安全なトレーニングが可能です。"
    },
    {
      "question": "インストラクターがクラスを指導する際、最も重視すべき安全原則はどれか。",
      "choices": [
        "生徒の疲労を無視して続行させる",
        "解剖学的アライメントの確認",
        "呼吸を止めさせて集中させる",
        "難易度を上げ続ける"
      ],
      "correct": [1],
      "explanation": "安全な指導の基本は、参加者のアライメント（姿勢）を常に確認し、ケガを防ぐことです。"
    }
  ]
}